"Metric","Value"
"Accuracy",0.537074148296593
"Precision",0.451612903225806
"Recall",0.696517412935323
"F1_score",0.547945205479452
"ROC_AUC",0.608868409629704
