"Metric","Value"
"Accuracy",0.587174348697395
"Precision",0.488038277511962
"Recall",0.507462686567164
"F1_score",0.497560975609756
"ROC_AUC",0.591255133727337
