"Metric","Value"
"Accuracy",0.837675350701403
"Precision",0.840909090909091
"Recall",0.736318407960199
"F1_score",0.785145888594164
"ROC_AUC",0.869695148418979
