.metric,.estimator,.estimate
roc_auc,binary,0.6310927466049058
pr_auc,binary,0.5385990662308804
accuracy,binary,0.6070528967254408
bal_accuracy,binary,0.5925097378671439
precision,binary,0.515527950310559
sens,binary,0.515527950310559
spec,binary,0.6694915254237288
f_meas,binary,0.515527950310559
