Relapse Free Status,n,prop
Not_Recurred,1180,0.594758064516129
Recurred,804,0.40524193548387094
