Relapse Free Status,n,prop
Not_Recurred,944,0.594833018273472
Recurred,643,0.40516698172652804
